{"uuid":"efab2729-6ae9-c465-b12b-954fe1ce00c7","score":"300","min_score":"200","name":"first-li","subject":"recon","state":"open","author":"Lion, Nitive","text":"x = \u043d\u0430\u0437\u0432\u0430\u043d\u0438\u0435 \u0443\u0440\u043e\u0432\u043d\u0435\u0439 \u043f\u043e \u043f\u043e\u0440\u044f\u0434\u043a\u0443\nflag = (x^10x + 4^12 - 25) % 12345\n\n<img width=\"250px\" src=\"files\/quests\/B05EB114-2C83-7FCA-7A44-284EA47F9DE7_recon300_jpg\"\/>","description_state":"","answer":"10402","date_create":"2014-12-21 00:05:41","date_change":"2015-09-04 04:48:01","game":{"uuid":"39cdf4cd-5495-f0a1-483e-11a218b9e509","title":"FHQ 2014"},"files":[{"uuid":"B05EB114-2C83-7FCA-7A44-284EA47F9DE7","filename":"recon300_jpg","filepath":"files\/quests\/B05EB114-2C83-7FCA-7A44-284EA47F9DE7_recon300_jpg","size":"37557"}]}