{"uuid":"9e52bee6-500b-9a66-b5ba-07f3e1940a25","score":"300","min_score":"200","name":"Bender","subject":"stego","state":"open","author":"[keva] sea-kg","text":"en: What do you think about this Bender?\nru: \u0410 \u0447\u0442\u043e \u0442\u044b \u0434\u0443\u043c\u0430\u0435\u0448\u044c \u043f\u043e \u044d\u0442\u043e\u043c\u0443 \u043f\u043e\u0432\u043e\u0434\u0443 \u0411\u0435\u043d\u0434\u0435\u0440?\n<center>\n<img width=\"250px\" src=\"files\/quests\/4547ED6B-EACB-CC45-B6B4-70C428019044_index_jpeg\"\/>\n<\/center>","description_state":"","answer":"meat_should_go_to_the_gym","date_create":"2014-12-24 14:49:36","date_change":"2015-09-04 04:52:47","game":{"uuid":"39cdf4cd-5495-f0a1-483e-11a218b9e509","title":"FHQ 2014"},"files":[{"uuid":"4547ED6B-EACB-CC45-B6B4-70C428019044","filename":"index_jpeg","filepath":"files\/quests\/4547ED6B-EACB-CC45-B6B4-70C428019044_index_jpeg","size":"7694"},{"uuid":"F621CE0F-7825-ABCD-FADD-A6C619175DF7","filename":"task_mp3","filepath":"files\/quests\/F621CE0F-7825-ABCD-FADD-A6C619175DF7_task_mp3","size":"1659349"}]}