{"uuid":"f6470a6e-5899-24f9-72f9-beb4ed2b6a04","score":"50","min_score":"0","name":"BackTrack","subject":"trivia","state":"open","author":"[keva] sea-kg","text":"RU: \u041a\u0430\u043a\u043e\u0435 \u043d\u043e\u0432\u043e\u0435 \u0438\u043c\u044f \u0434\u0430\u043b\u0438 \u0434\u043b\u044f BackTrack?\nEN: What is the new name given to BackTrack?","description_state":"","answer":"Kali Linux","date_create":"2014-12-20 22:38:57","date_change":"2015-09-04 04:55:52","game":{"uuid":"39cdf4cd-5495-f0a1-483e-11a218b9e509","title":"FHQ 2014"},"files":[]}