{"uuid":"fbb9f966-7d04-290b-82c0-1c2a33551667","score":"500","min_score":"400","name":"aliens","subject":"stego","state":"open","author":"[keva] sea-kg","text":"en: Ask the aliens? in response they sent photo-selfy\nru: \u0421\u043f\u0440\u043e\u0441\u0438\u043c \u0443 \u0438\u043d\u043e\u043f\u043b\u0430\u043d\u0435\u0442\u044f\u043d? \u0432 \u043e\u0442\u0432\u0435\u0442 \u043e\u043d\u0438 \u043f\u0440\u0438\u0441\u043b\u0430\u043b\u0438 \u0441\u0435\u043b\u0444\u0438\n<center>\n<img width=\"250px\" src=\"files\/quests\/B30FC3CE-546F-4CD5-EF8F-74A4AB5E41E1_task_alien_png\"\/>\n<\/center>\n33c34c7ffda3216030b146ded4256fc0 *task_alien_png\n\n1 hint: LSB (Least Significant Bit, \u043d\u0430\u0438\u043c\u0435\u043d\u044c\u0448\u0438\u0439 \u0437\u043d\u0430\u0447\u0430\u0449\u0438\u0439 \u0431\u0438\u0442) ","description_state":"","answer":"forget_the_gym_go_to_the_research_institute","date_create":"2014-12-24 14:56:21","date_change":"2015-09-04 04:53:46","game":{"uuid":"39cdf4cd-5495-f0a1-483e-11a218b9e509","title":"FHQ 2014"},"files":[{"uuid":"B30FC3CE-546F-4CD5-EF8F-74A4AB5E41E1","filename":"task_alien_png","filepath":"files\/quests\/B30FC3CE-546F-4CD5-EF8F-74A4AB5E41E1_task_alien_png","size":"174072"}]}