{"uuid":"ee31ea21-2bc4-a9c8-b383-da830663d9c3","score":"400","min_score":"0","name":"corporation","subject":"recon","state":"open","author":"[keva] sea-kg","text":"\u0418\u0437\u0432\u0435\u0441\u0442\u043d\u0430\u044f \u043a\u043e\u043c\u043f\u0430\u043d\u0438\u044f \u0432 \u043a\u043e\u043c\u0438\u043a\u0441\u0430\u0445 Marvel\n\nHint: Iron Man 2008","description_state":"","answer":"Roxxon","date_create":"2014-12-21 00:08:28","date_change":"2015-09-04 04:48:40","game":{"uuid":"39cdf4cd-5495-f0a1-483e-11a218b9e509","title":"FHQ 2014"},"files":[{"uuid":"5DE0895A-0F03-8050-545E-2B915ABE23DF","filename":"recon400.mp3","filepath":"files\/quests\/5DE0895A-0F03-8050-545E-2B915ABE23DF_recon400.mp3","size":"14350544"}]}