{"uuid":"564abaf4-9213-2399-3d66-b7850c5e8229","score":"400","min_score":"300","name":"dinosaurs","subject":"stego","state":"open","author":"[keva] sea-kg","text":"en: That the answer dinosaurs?\nru: \u0427\u0442\u043e \u043e\u0442\u0432\u0435\u0442\u0438\u043b\u0438 \u0434\u0438\u043d\u043e\u0437\u0430\u0432\u0440\u044b?\n<center>\n<img width=\"250px\" src=\"files\/quests\/D3939AF8-1A0D-9D4B-D4F4-B9BC722A0A3D_dino_jpg\"\/>\n<\/center>","description_state":"","answer":"what_is_gym","date_create":"2014-12-24 14:53:07","date_change":"2015-09-04 04:53:18","game":{"uuid":"39cdf4cd-5495-f0a1-483e-11a218b9e509","title":"FHQ 2014"},"files":[{"uuid":"D3939AF8-1A0D-9D4B-D4F4-B9BC722A0A3D","filename":"dino_jpg","filepath":"files\/quests\/D3939AF8-1A0D-9D4B-D4F4-B9BC722A0A3D_dino_jpg","size":"60709"},{"uuid":"92656401-5BD4-7C6A-99DE-CBEEF5A6E220","filename":"dino_code_txt","filepath":"files\/quests\/92656401-5BD4-7C6A-99DE-CBEEF5A6E220_dino_code_txt","size":"4168389"}]}