{"uuid":"a5cc7455-531f-4699-95f0-8ea117ef51bc","score":"40","min_score":"0","name":"3d-picture","subject":"trivia","state":"open","author":"[keva] Nitive","text":"\u041f\u0440\u043e\u0447\u0442\u0438\u0442\u0435!\n\n<img width=\"250px\" src=\"files\/quests\/09E8E5DF-B464-6534-26F6-FD886E41982A_aVhezw9Qn08_jpg\"\/>","description_state":"","answer":"2f96ba80576fd566c4bc65886c4f8ef2","date_create":"2014-12-21 00:13:58","date_change":"2015-09-04 04:55:30","game":{"uuid":"39cdf4cd-5495-f0a1-483e-11a218b9e509","title":"FHQ 2014"},"files":[{"uuid":"09E8E5DF-B464-6534-26F6-FD886E41982A","filename":"aVhezw9Qn08_jpg","filepath":"files\/quests\/09E8E5DF-B464-6534-26F6-FD886E41982A_aVhezw9Qn08_jpg","size":"405876"}]}