{"uuid":"fd0d80a0-5adc-02cb-a4cf-975095c9c1ec","score":"400","min_score":"300","name":"enter","subject":"reverse","state":"open","author":"[LiFe] by.smirnowmaks","text":"69 enter\n10 enter\n1 enter\n6 enter\n","description_state":"","answer":"12345566969","date_create":"2014-12-21 01:55:34","date_change":"2015-09-04 04:51:16","game":{"uuid":"39cdf4cd-5495-f0a1-483e-11a218b9e509","title":"FHQ 2014"},"files":[{"uuid":"42848BFC-7FEA-699C-0B24-BDC5855494EA","filename":"reverse400_code","filepath":"files\/quests\/42848BFC-7FEA-699C-0B24-BDC5855494EA_reverse400_code","size":"19857"}]}