{"uuid":"1c848db4-e72f-ea9e-3973-0fafcb75e18f","score":"100","min_score":"0","name":"module-X","subject":"recon","state":"open","author":"[keva] sea-kg","text":"Please look attachments and say me.\n\nHint: only two words name + \" module\"\nHint: look on microchip \"C... ?\nHint: this module come from AliExpress","description_state":"","answer":"bluetooth module","date_create":"2014-12-20 23:56:42","date_change":"2015-09-04 04:43:54","game":{"uuid":"39cdf4cd-5495-f0a1-483e-11a218b9e509","title":"FHQ 2014"},"files":[{"uuid":"9212631F-180E-4F92-493C-FF08CA0381CE","filename":"pict1_jpg","filepath":"files\/quests\/9212631F-180E-4F92-493C-FF08CA0381CE_pict1_jpg","size":"1676026"},{"uuid":"35A00F04-C76A-4C97-2116-80D3AA1A1B43","filename":"pict2_jpg","filepath":"files\/quests\/35A00F04-C76A-4C97-2116-80D3AA1A1B43_pict2_jpg","size":"1753467"}]}