{"uuid":"7e0b85e9-4bfc-69b4-779c-1f1db2b4fa87","score":"200","min_score":"0","name":"pseudo-caesar","subject":"crypto","state":"open","author":"[keva] f0x3","text":"Pseudo Caesar!","description_state":"","answer":"i_love_this_car","date_create":"2014-12-21 00:25:48","date_change":"2015-08-22 13:29:57","game":{"uuid":"39cdf4cd-5495-f0a1-483e-11a218b9e509","title":"FHQ 2014"},"files":[{"uuid":"D3B2186C-A976-FFE6-DEF8-2E26979AA386","filename":"encrypt_rot13","filepath":"files\/quests\/D3B2186C-A976-FFE6-DEF8-2E26979AA386_encrypt_rot13","size":"29696"}]}