{"uuid":"de6a1a75-6de0-c983-7e1b-5c876fa4a4f7","score":"100","min_score":"0","name":"crypto-code","subject":"reverse","state":"open","author":"[keva] sea-kg","text":"\u041d\u0430\u0448\u0435\u043b\u0441\u044f \u0443\u043c\u0435\u043b\u0435\u0446 \u043a\u043e\u0442\u043e\u0440\u044b\u0439 \u0437\u0430\u0448\u0438\u0444\u0440\u043e\u0432\u0430\u043b \u0432\u0435\u0441\u044c \u043a\u043e\u0434....\n<center>\nHint: http:\/\/habrahabr.ru\/post\/112530\/","description_state":"","answer":"c4cff44b60130184d39fd52c46403cdd","date_create":"2014-12-21 00:47:00","date_change":"2015-09-04 04:49:48","game":{"uuid":"39cdf4cd-5495-f0a1-483e-11a218b9e509","title":"FHQ 2014"},"files":[{"uuid":"1924691F-EB7F-42F9-10CA-F6B2F269276C","filename":"reverse100_html","filepath":"files\/quests\/1924691F-EB7F-42F9-10CA-F6B2F269276C_reverse100_html","size":"1018"}]}