{"uuid":"885fe7ed-c810-54ae-08db-be7719e90dd3","score":"500","min_score":"400","name":"2-words","subject":"forensics","state":"open","author":"[LiFe] NeStroker","text":"RU: \u0417\u0434\u0435\u0441\u044c \u0447\u0442\u043e \u0442\u043e \u043d\u0435 \u0442\u0430\u043a..... \u0444\u043b\u0430\u0433 \u0441\u043b\u043e\u0432\u043e_\u0441\u043b\u043e\u0432\u043e\n\u041f\u043e\u0434\u0441\u043a\u0430\u0437\u043a\u0430: \u0417\u043d\u0430\u0435\u0442\u0435 \u043b\u0438 \u0432\u044b, WinHex?\n\nEN: Here's what's wrong ..... flag word_word\nHint: Do you know WinHex?","description_state":"\u0430\u0432\u0442\u043e\u0440 \u043f\u0440\u0435\u0434\u043b\u0430\u0433\u0430\u043b:\nsurprise_motherfacka","answer":"surprise_motherfucker","date_create":"2014-12-24 11:56:58","date_change":"2015-09-04 04:41:14","game":{"uuid":"39cdf4cd-5495-f0a1-483e-11a218b9e509","title":"FHQ 2014"},"files":[{"uuid":"49778D59-7DF9-E998-3E0A-E1844806C0FD","filename":"fhq2014_f500_zip","filepath":"files\/quests\/49778D59-7DF9-E998-3E0A-E1844806C0FD_fhq2014_f500_zip","size":"8223545"}]}