{"uuid":"4de1c47b-fec9-cb9f-5260-4c58d0ce8e88","score":"200","min_score":"100","name":"Einstein","subject":"stego","state":"open","author":"[keva] sea-kg","text":"en: Einstein expressed his opinion on the statements of the Penguin...\nru: \u042d\u0439\u043d\u0448\u0442\u0435\u0439\u043d \u0432\u044b\u0441\u043a\u0430\u0437\u0430\u043b \u0441\u0432\u043e\u0435 \u043c\u043d\u0435\u043d\u0438\u0435 \u043f\u043e \u043f\u043e\u0432\u043e\u0434\u0443 \u0432\u044b\u0441\u043a\u0430\u0437\u044b\u0432\u0430\u043d\u0438\u044f \u041f\u0438\u043d\u0433\u0432\u0438\u043d\u0430\n\n<center>\n<img width=\"250px\" src=\"files\/quests\/43909A2D-0E2C-4754-250D-A13C0B305E5F_task_png\"\/>","description_state":"","answer":"i_agree_to_the_penguin","date_create":"2014-12-24 14:47:55","date_change":"2015-09-04 04:52:34","game":{"uuid":"39cdf4cd-5495-f0a1-483e-11a218b9e509","title":"FHQ 2014"},"files":[{"uuid":"43909A2D-0E2C-4754-250D-A13C0B305E5F","filename":"task_png","filepath":"files\/quests\/43909A2D-0E2C-4754-250D-A13C0B305E5F_task_png","size":"651692"},{"uuid":"609BB36F-FBF6-6F74-4047-65778BBCBC11","filename":"task_xcf","filepath":"files\/quests\/609BB36F-FBF6-6F74-4047-65778BBCBC11_task_xcf","size":"1416808"}]}