{"uuid":"50e15cb1-a1e4-40b9-3219-a185f35aac9c","score":"30","min_score":"0","name":"code","subject":"trivia","state":"open","author":"[keva] sea-kg","text":"\u0427\u0442\u043e \u044d\u0442\u043e\u0442 \u043a\u0443\u0441\u043e\u043a \u043a\u043e\u0434\u0430 \u0432\u044b\u0432\u043e\u0434\u0438\u0442?\n\nfunction main() {\n\tvar d = \"o\";\n\tvar s = \"g\" + d + d  + \"d\";\n\ts += \"_\";\n\ts += \"news\";\n\ts += \"!\";\n\talert(s);\n}\n","description_state":"","answer":"good_news!","date_create":"2014-12-20 22:36:33","date_change":"2015-09-04 04:55:18","game":{"uuid":"39cdf4cd-5495-f0a1-483e-11a218b9e509","title":"FHQ 2014"},"files":[]}