{"uuid":"fb1d13c5-599c-c934-0e11-b12093ed9c43","score":"300","min_score":"200","name":"Caesar-again","subject":"crypto","state":"open","author":"[keva] f0x3","text":"RU: \u0415\u0449\u0435 \u043e\u0434\u0438\u043d \u0446\u0435\u0437\u0430\u0440\u044c.\nEN: Yet another Caesar.","description_state":"","answer":"paqdjhbwtzigurvfomykscexnl","date_create":"2014-12-21 00:28:38","date_change":"2015-08-22 13:29:49","game":{"uuid":"39cdf4cd-5495-f0a1-483e-11a218b9e509","title":"FHQ 2014"},"files":[{"uuid":"119E7977-19B1-2FFC-E869-7675D3C04E75","filename":"encrypt","filepath":"files\/quests\/119E7977-19B1-2FFC-E869-7675D3C04E75_encrypt","size":"18275"}]}