{"uuid":"ef870657-337c-2043-43e6-ae44889ed580","score":"100","min_score":"0","name":"penguin","subject":"stego","state":"open","author":"[keva] sea-kg","text":"EN: Penguin wants say to you something ...\nRU: \u041f\u0438\u043d\u0433\u0432\u0438\u043d \u0445\u043e\u0447\u0435\u0442 \u0442\u0435\u0431\u0435 \u0447\u0442\u043e \u0442\u043e \u0441\u043a\u0430\u0437\u0430\u0442\u044c...\n\n<center>\n<img width=\"250px\" src=\"files\/quests\/20D4552D-0D71-F6C8-D906-694E6A182936_penguin_png\"\/>\n0d15fcf5178a49781857c40035f419ea *quest577_penguin_png\n<\/center>","description_state":"","answer":"go_to_the_gym!","date_create":"2014-12-24 14:45:54","date_change":"2015-09-04 04:52:04","game":{"uuid":"39cdf4cd-5495-f0a1-483e-11a218b9e509","title":"FHQ 2014"},"files":[{"uuid":"20D4552D-0D71-F6C8-D906-694E6A182936","filename":"penguin_png","filepath":"files\/quests\/20D4552D-0D71-F6C8-D906-694E6A182936_penguin_png","size":"803382"}]}