{"uuid":"63131cbe-fe87-be86-4bd6-08b5a7f7de8b","score":"400","min_score":"300","name":"same-picture","subject":"forensics","state":"open","author":"[LiFe] by.smirnowmaks","text":"RU: \u0421\u0435\u0433\u043e\u0434\u043d\u044f \u0432\u0441\u0435\u043c \u043f\u0440\u0438\u0448\u043b\u0430 \u043e\u0434\u043d\u0430 \u0438 \u0442\u0430 \u0436\u0435 \u043a\u0430\u0440\u0442\u0438\u043d\u043a\u0430. \u0427\u0442\u043e \u0442\u0443\u0442 \u043d\u0435 \u0442\u0430\u043a?\n\u041f\u043e\u0434\u0441\u043a\u0430\u0437\u043a\u0430: \u0413\u0434\u0435 \u0442\u043e \u044d\u0442\u043e \u0443\u0436\u0435 \u0431\u044b\u043b\u043e... \u043f\u043e\u043b\u043e\u043c\u0430\u0439 \u0441\u0435\u0431\u0435 \u043c\u043e\u0437\u0433\n\nEN: Today all came the same picture. What's wrong here?\nHint: Where it was already broken their brains ...\n<center>\n<img width=\"250px\" src=\"files\/quests\/DFDE72D3-5BF5-0216-A80A-AF3FFB705515_forenzika_400_111jpg\"\/>","description_state":"","answer":"revival_of_the_cicada","date_create":"2014-12-24 11:49:00","date_change":"2015-09-04 04:40:44","game":{"uuid":"39cdf4cd-5495-f0a1-483e-11a218b9e509","title":"FHQ 2014"},"files":[{"uuid":"DFDE72D3-5BF5-0216-A80A-AF3FFB705515","filename":"forenzika_400_111jpg","filepath":"files\/quests\/DFDE72D3-5BF5-0216-A80A-AF3FFB705515_forenzika_400_111jpg","size":"28270"}]}